<?xml version="1.0" encoding="ASCII"?><resourceInfo xmlns="http://elrc-share2.ilsp.gr/ELRC-SHARE_SCHEMA/v2.0/" xmlns:xsi="http://www.w3.org/2001/XMLSchema-instance" xsi:schemaLocation="http://elrc-share2.ilsp.gr/ELRC-SHARE_SCHEMA/v2.0/ http://elrc-share2.ilsp.gr/ELRC-SHARE_SCHEMA/v2.0/ELRC-SHARE-Resource.xsd"><identificationInfo><resourceName lang="en">morphdb.hu</resourceName><description lang="en">Hungarian lexical database and morphological grammar</description><resourceShortName>n/a</resourceShortName><metaShareId>107</metaShareId><identifier>107</identifier></identificationInfo><distributionInfo><availability>available</availability><PSI>true</PSI><allowsUsesBesidesDGT>true</allowsUsesBesidesDGT><licenceInfo><licence>CC-BY-3.0</licence><restrictionsOfUse>other</restrictionsOfUse></licenceInfo><distributionMedium>webExecutable</distributionMedium><downloadLocation>http://mokk.bme.hu/resources/morphdb-hu</downloadLocation><personalDataIncluded>true</personalDataIncluded><sensitiveDataIncluded>true</sensitiveDataIncluded></distributionInfo><contactPerson><surname>Doe</surname><communicationInfo><email>daniel@mokk.bme.hu</email><address>Planet Mars, Cosmos</address><zipCode>12345</zipCode><city>Marstown</city><region>Space</region><country>France</country></communicationInfo><position>Chief Testing Clown</position></contactPerson><metadataInfo><metadataCreationDate>2011-11-13</metadataCreationDate><metadataCreator><surname>Doe</surname><communicationInfo><email>daniel@mokk.bme.hu</email><address/><zipCode/><city/><region/><country>Hungary</country></communicationInfo><position>BUTE Employee</position><affiliation><organizationName>Budapest University of Technology and Economics</organizationName><communicationInfo><email>daniel@mokk.bme.hu</email><address>Planet Mars, Cosmos</address><zipCode>12345</zipCode><city>Marstown</city><region>Space</region><country>France</country></communicationInfo></affiliation></metadataCreator></metadataInfo><resourceComponentType><lexicalConceptualResourceInfo><resourceType>lexicalConceptualResource</resourceType><lexicalConceptualResourceType>lexicon</lexicalConceptualResourceType><lexicalConceptualResourceMediaType><lexicalConceptualResourceTextInfo><mediaType>text</mediaType><lingualityInfo><lingualityType>monolingual</lingualityType></lingualityInfo><languageInfo><languageId>hu</languageId><languageName>Hungarian</languageName><languageScript>Latin</languageScript></languageInfo><sizeInfo><size>400000</size><sizeUnit>items</sizeUnit></sizeInfo></lexicalConceptualResourceTextInfo></lexicalConceptualResourceMediaType></lexicalConceptualResourceInfo></resourceComponentType></resourceInfo>